,filename,fps,frame_count,width,height,resolution,duration_seconds,file_size_mb,hash,train_detected,confidence
0,1692840930.mp4,12.421977318852413,4970,3840,2160,3840x2160,400.0973333333333,220.7005672454834,cbb62c456e3a52f8bc36d82a0e634e23,False,
1,1693191052.mp4,12.33584693153305,4936,3840,2160,3840x2160,400.1346666666667,190.6007947921753,c2c35a3f2fd6e73fee4af101aa283508,True,16.66
2,1692872809.mp4,12.261546331116735,4906,3840,2160,3840x2160,400.11266666666666,282.82604789733887,0d43b00affad06a510700d1d05b00f5d,True,85.18
3,1693192374.mp4,12.362799829682547,4181,3840,2160,3840x2160,338.192,174.53826999664307,8bfeb49ba5f82ee5d639ae611be0d456,False,
4,1692832634.mp4,12.38132687302767,4954,3840,2160,3840x2160,400.1186666666666,219.61492443084717,c9b651c8d8c07dea0222cc281f1a54f0,False,
5,1692996298.mp4,12.293653418180844,2751,3840,2160,3840x2160,223.774,129.51659679412842,0afbc23e3154500c5379814ed8c9dbdd,True,18.22
6,1698690984.mp4,15.067461893822173,3616,3072,1728,3072x1728,239.98733333333334,418.7757263183594,45ef969bdc5d3f83d428b2b0e4935340,True,29.24
7,1698392268.mp4,15.06156683124145,1688,3072,1728,3072x1728,112.07333333333332,238.51105976104736,369944edc3a9fb7d5b66ffb421df2b06,True,20.98
8,1693010033.mp4,12.343519215053146,4939,3840,2160,3840x2160,400.129,221.393630027771,487fe959a327b8ef8b11960661598d63,False,
9,1692822361.mp4,12.414778836059146,3926,3840,2160,3840x2160,316.236,174.89395427703857,0f0e8ecdf2b2139337ad86a7647fd2ef,True,21.95
10,1696849307.mp4,17.184946108793778,4146,3840,2160,3840x2160,241.2576666666667,269.38282012939453,edd41e201f9a000a443a6790b49ea40a,True,81.36
11,1693196915.mp4,12.395403371249829,4960,3840,2160,3840x2160,400.1483333333333,315.41151428222656,79cbba3285d2b3cd2d5cb2acec5bb35c,True,21.02
12,1693165961.mp4,12.071213415456548,179,3840,2160,3840x2160,14.828666666666667,7.7831830978393555,5916ec92a1482f09d25cbf592e5fc5c1,False,
13,1696832423.mp4,20.282964503770685,4869,3840,2160,3840x2160,240.05366666666666,304.21244716644287,ce8e4bb99eb0020f00a09ba22ece4bf7,True,75.72
14,1693170922.mp4,12.345668727887967,4940,3840,2160,3840x2160,400.14033333333333,200.1829595565796,f1709a0c6e62cbeb9f3a63ade17d3808,True,10.15
15,1692848212.mp4,12.37869671476915,3169,3840,2160,3840x2160,256.00433333333336,152.50572109222412,dccd00fcf6cd02deca8392dbc759e83c,False,
16,1696617734.mp4,17.991835147744947,4319,3840,2160,3840x2160,240.0533333333333,212.46371936798096,626cdbbbb56b23d06bbeebdb0a407aa2,True,19.28
17,1693583006.mp4,12.80526820944865,3202,3840,2160,3840x2160,250.05333333333334,179.6920928955078,fd943adef5f34141322e5386b0bc6bb4,True,34.55
18,1696367229.mp4,19.763296021645317,4743,3840,2160,3840x2160,239.99033333333333,253.40146732330322,d66b165ab6f17c812e0cdfbd85b1c691,True,11.1
19,1693079330.mp4,12.381971153191849,4549,3840,2160,3840x2160,367.389,180.74575424194336,85fcf8268db3d7320c2749693238b542,False,
20,1692804034.mp4,60.0,612,3840,2160,3840x2160,10.2,19.326401710510254,412c40970f65aa3f9bcb5a0950762613,True,26.81
21,1692826093.mp4,12.418670909802811,4969,3840,2160,3840x2160,400.12333333333333,228.10327529907227,d4f9e0e3e3816a2afbfcf660007b45ec,False,
22,1692847657.mp4,12.401508718576592,2512,3840,2160,3840x2160,202.55599999999998,115.98102569580078,1c5f95ae82acbdfb29ec50a914f9c15f,False,
23,1696523998.mp4,14.639995829061018,1404,3840,2160,3840x2160,95.90166666666666,100.53696823120117,45968ec464abad8fc8529a52eca2c42c,True,36.81
24,1692909453.mp4,12.342846655042672,807,3840,2160,3840x2160,65.382,38.961565017700195,1c8b659ce94f939656e035bc4c15a7d8,False,
25,1693081385.mp4,12.370041674961954,4950,3840,2160,3840x2160,400.1603333333333,192.99794101715088,7a6afd68a8a221e7c303f149c69562de,True,38.09
26,1694179489.mp4,30.0,872,3840,2160,3840x2160,29.066666666666666,62.33701419830322,2230cf5068d2192a85e7956d2db2188e,True,70.17
27,1693018406.mp4,12.334809101169924,4936,3840,2160,3840x2160,400.16833333333335,232.12764072418213,23a7d56b8fa754baecfc23110b4a8d09,False,
28,1693021644.mp4,12.25796517061956,1141,3840,2160,3840x2160,93.08233333333332,53.77306270599365,07e5050307f24726154091e3482fc9e1,False,
29,1692905724.mp4,12.414274731299717,1351,3840,2160,3840x2160,108.82633333333332,57.064852714538574,10c2d9b0673f2a61d9c5788e44d897e4,False,
30,1693007269.mp4,12.31367250013121,4927,3840,2160,3840x2160,400.1243333333333,238.4713315963745,fa323d20e4a881f097868a0e3f1f0b43,False,
31,1693820448.mp4,60.0,708,3840,2160,3840x2160,11.8,22.637812614440918,a9081f75196cd772e8dda688b5fa401e,True,67.22
32,1693091432.mp4,12.379393887873507,2330,3840,2160,3840x2160,188.216,96.69880199432373,9ddc4c2c3dd2f56b89bb3343c2c8bf40,True,12.21
33,1692935134.mp4,12.380587217565314,3046,3840,2160,3840x2160,246.03033333333335,146.74336528778076,197d01c05ac3304e1026633a43a5c23a,False,
34,1692834410.mp4,12.416492340913692,4968,3840,2160,3840x2160,400.113,221.06266403198242,beaa6218a277bd3daaf506f8a03057d7,False,
35,1692931715.mp4,12.350276019422571,4942,3840,2160,3840x2160,400.15299999999996,212.43470764160156,b80f3a04b9e6bc54055db90520e705bd,False,
36,1692820474.mp4,12.368511155152463,4949,3840,2160,3840x2160,400.129,230.47703552246094,bddfdd2a5fd3e1312f57d7e003727220,True,13.58
37,1693083841.mp4,12.356735762302792,4944,3840,2160,3840x2160,400.10566666666665,189.68112659454346,44bd8b39c7d9e0dce222f9b5b338cab4,True,19.19
38,1692820015.mp4,12.414282631751272,4967,3840,2160,3840x2160,400.10366666666664,228.32993125915527,8f8a9671d087da74ac274c9fb920f569,False,
39,1692998547.mp4,12.316664236769208,4928,3840,2160,3840x2160,400.10833333333335,226.53690147399902,94e863d5361df01bdca3c5e25369b1c6,True,10.26
40,1693001624.mp4,12.316486428086835,4351,3840,2160,3840x2160,353.26633333333336,193.94883251190186,0415686e867e7bee1ca109557214252a,True,11.04
41,1693172294.mp4,12.32191952011997,4930,3840,2160,3840x2160,400.1,189.75464057922363,4904c2a4acb6838c36d877bd56c3e737,False,
42,1692908988.mp4,12.467585864553833,4973,3840,2160,3840x2160,398.8743333333333,228.7711238861084,25bc3ab4ee23460898c8e3a193ac09a3,False,
43,1694162238.mp4,30.0,294,3840,2160,3840x2160,9.8,21.035966873168945,a3a9b1d1055e2d1d9e607366a28e2d06,True,88.46
44,1696830750.mp4,16.14666254782216,453,3840,2160,3840x2160,28.055333333333333,32.42569828033447,20d897b67ddd828d8d434cb1aa07e971,True,68.73
45,1693078317.mp4,12.186745687540474,414,3840,2160,3840x2160,33.971333333333334,17.764845848083496,956cfe4591ef37509873c281dc713695,False,
46,1698390092.mp4,15.06802809913039,1154,3072,1728,3072x1728,76.586,162.95052909851074,cd40ad0998404db9201ec351f56b348c,True,26.57
47,1690448637.mp4,11.454823550274872,689,1920,1080,1920x1080,60.14933333333333,39.627140045166016,4246f6c0e910c595535c40cb5a0bd080,True,25.23
48,1692823175.mp4,12.440263686154946,4336,3840,2160,3840x2160,348.5456666666667,193.62085723876953,8e41d7f78d0177fe05f474153396f90b,False,
49,1693078778.mp4,12.358280469699015,1465,3840,2160,3840x2160,118.544,60.49769592285156,b93eedb766bff328a728cdf88bc3cd05,False,
50,1696397636.mp4,21.988527724665392,46,3840,2160,3840x2160,2.092,3.2960033416748047,73da27eb447721699985a291de5e6d47,True,25.5
51,1692848923.mp4,12.463688188695624,4987,3840,2160,3840x2160,400.12233333333336,229.77207374572754,2b1e82124f362ecc20ccc241779650a2,True,10.77
52,1692996207.mp4,12.245053659529017,963,3840,2160,3840x2160,78.644,43.63293266296387,1132daaaead26f82f9a2b6c643d7d99b,False,
53,1692992156.mp4,12.266633513603116,2960,3840,2160,3840x2160,241.305,140.59408950805664,3442bc477388f69104c6bc00d1b9fafc,False,
54,1694261077.mp4,29.571531550050487,7097,3840,2160,3840x2160,239.99433333333334,432.09775257110596,b06be96817a5db5b824a1a09f4f3e7f1,True,59.11
55,1690460191.mp4,11.347768272239794,9080,1920,1080,1920x1080,800.1573333333333,530.4294719696045,5db96fb4b86484708a561d9ffb815e9a,True,91.08
56,1692836015.mp4,12.377930480664222,4953,3840,2160,3840x2160,400.1476666666666,221.91297817230225,1967c32f7521ca32e5d067ffdaac9140,False,
57,1693009216.mp4,12.30310097436607,830,3840,2160,3840x2160,67.46266666666666,37.37252616882324,a3e85ad8480ad378e647703a68bef18a,False,
58,1693490378.mp4,15.0,1223,3840,2160,3840x2160,81.53333333333333,144.83364391326904,3f855785d56740bce2be547c0a8bddda,True,82.17
59,1696437195.mp4,20.231527011484673,4855,3840,2160,3840x2160,239.972,303.4755525588989,21afcc9078b7450e2496754fd3f5ee05,True,87.14
60,1693170205.mp4,12.295439604870472,4227,3840,2160,3840x2160,343.786,163.8561668395996,46570c538f3c77a86d4c5bc332c11c3e,False,
61,1696876910.mp4,19.159078408604778,4598,3840,2160,3840x2160,239.9906666666667,220.95280075073242,db71e36b9dad8a0c991bdb69d38f7691,True,43.33
62,1698649251.mp4,15.068968870244065,3616,3072,1728,3072x1728,239.96333333333334,459.4803857803345,fd8a4724db84d26957eb81b6be6be3cb,True,85.55
63,1696876214.mp4,19.956190002597484,4789,3840,2160,3840x2160,239.97566666666668,181.517409324646,b6493a7b03c0db83a7e92b5f6e05f719,True,19.46
64,1692833081.mp4,12.405984382826546,3195,3840,2160,3840x2160,257.537,147.62084770202637,98934c52149fb7ed185c8554c5bdce1f,True,13.01
65,1698648535.mp4,15.065905535399262,1207,3072,1728,3072x1728,80.11466666666666,166.71831130981445,b9a52aa9c8da33eadd3b9349e8af1040,True,19.1
66,1694174648.mp4,30.0,369,3840,2160,3840x2160,12.3,26.512264251708984,1955a04d0e5b8fb78df50bd69a9af4f7,True,70.17
67,1693199515.mp4,12.417222680360847,4969,3840,2160,3840x2160,400.16999999999996,310.4116096496582,c7ae8f2a0d9190ed88db89deaf07e343,True,68.0
68,1698584260.mp4,15.070984870747747,1983,3072,1728,3072x1728,131.57733333333334,282.0419502258301,27c1485d9f833511071d512a35b6b85a,True,86.94
69,1692910357.mp4,12.380085883252766,4953,3840,2160,3840x2160,400.078,235.13918209075928,2519af2ec579369c909cb7affc794831,False,
70,1692993294.mp4,12.322970233341405,3410,3840,2160,3840x2160,276.719,156.125750541687,749627f5e690bbd31ecfe6608562aab7,False,
71,1692780023.mp4,60.0,341,3840,2160,3840x2160,5.683333333333334,10.696759223937988,a9c07bd17c1afde25bcc34bc4b852adf,True,26.81
72,1698395415.mp4,15.061087772003246,1250,3072,1728,3072x1728,82.99533333333333,177.99772834777832,55f35ff1bdd5e77c76d08695785e8960,True,59.89
73,1693309416.mp4,15.0,223,3840,2160,3840x2160,14.866666666666667,27.75821018218994,8da44ff764424cf493689a5a39e86ec7,True,50.44
74,1698656839.mp4,15.093315519185003,241,3072,1728,3072x1728,15.967333333333332,34.42260932922363,56197d899474fb8ec7c28973d2f9ff7c,True,32.42
75,1690456214.mp4,10.939378993510632,658,1920,1080,1920x1080,60.14966666666667,41.80826187133789,67f96bc7a35cd32004889376fd2c67a6,True,13.11
76,1692905293.mp4,12.30569652343518,2694,3840,2160,3840x2160,218.923,108.31805038452148,da97eeb5d24a0cbbc0c71df34b45c7a6,False,
77,1693167442.mp4,12.349150009340557,4407,3840,2160,3840x2160,356.8666666666667,177.78636646270752,3a4037fa4eb2c057ce40e5c3b9a1bdc2,False,
78,1693194436.mp4,12.277763834085606,2984,3840,2160,3840x2160,243.04100000000003,127.55554580688477,2d75b6738083240cf096d2ae1e75c044,False,
79,1693020268.mp4,12.32488439643011,2222,3840,2160,3840x2160,180.28566666666669,104.17167472839355,fe9ea253d4466b9b95dcc0c1da058865,False,
80,1692828332.mp4,12.406497141481063,4963,3840,2160,3840x2160,400.0323333333333,228.51943969726562,c74107abbb6f23f6b67a8dc9e0ff839c,False,
81,1698658833.mp4,15.047979063681304,69,3072,1728,3072x1728,4.585333333333333,9.75633430480957,bffa62f2904a9ebdeb8556a1fb0887a9,True,45.3
82,1693004592.mp4,12.295317533239425,4920,3840,2160,3840x2160,400.15233333333333,259.4365978240967,d25dab64bb7853bc55e8ee84a1ca5bbe,True,17.96
83,1698420626.mp4,15.070853014726312,3616,3072,1728,3072x1728,239.93333333333334,386.7010974884033,ef133f920d05c89a381f349ed6cb6377,True,69.35
84,1692840286.mp4,12.405699916177703,296,3840,2160,3840x2160,23.86,12.863061904907227,906d32873567ecc7bc4158cea59bbea3,False,
85,1693166003.mp4,12.373112905736075,477,3840,2160,3840x2160,38.55133333333333,20.880433082580566,b946bce0d51796f9149dad71b554e724,False,
86,1692997706.mp4,12.35004968841656,4942,3840,2160,3840x2160,400.1603333333333,224.52756690979004,ab29f12b7bca6d99b3ab82541229904f,False,
87,1693079740.mp4,12.325484900741351,1713,3840,2160,3840x2160,138.98033333333333,71.14096641540527,197d781368f3bfcf58a4458dd816a0a4,False,
88,1693099064.mp4,12.363965966394606,4947,3840,2160,3840x2160,400.1143333333333,192.3194923400879,92d69ca054348916a2122213d75f0e5f,False,
89,1692830440.mp4,12.40830185787142,4965,3840,2160,3840x2160,400.13533333333334,243.12900257110596,98383b34c2428fb05f9ce046b5cab9fd,True,19.3
90,1693021945.mp4,12.343884386621603,2038,3840,2160,3840x2160,165.102,96.83376598358154,40a9551b59a844ec862bacb2f5a2f27a,False,
91,1694162212.mp4,30.0,536,3840,2160,3840x2160,17.866666666666667,38.33827590942383,fc288ff5ceba8433214360216f531dee,True,70.17
92,1693164171.mp4,12.368832969425084,3735,3840,2160,3840x2160,301.96866666666665,154.74360466003418,a87abbac7604676c5c02bbfa9febf96f,True,12.79
93,1693834253.mp4,60.0,491,3840,2160,3840x2160,8.183333333333334,15.558187484741211,6988e7e7db75e737a50f4c79e5ddfc4f,True,80.82
94,1690279852.mp4,15.0,730,1920,1080,1920x1080,48.666666666666664,90.9480848312378,8329395af999d92801d011ddf78eec53,True,19.99
95,1696487628.mp4,13.67090928282935,3281,3840,2160,3840x2160,239.99866666666665,224.56537914276123,6bb1253bedc374b5f5531cd6de4836de,True,85.62
96,1692835234.mp4,12.415561873797788,639,3840,2160,3840x2160,51.467666666666666,28.101736068725586,20efaedfea7e713fc39331795a3c5f1f,True,20.26
97,1693001214.mp4,12.280964806441972,4068,3840,2160,3840x2160,331.2443333333333,186.24038124084473,b20423a4cbd201377f3e37cb8162e6a9,False,
98,1698489282.mp4,15.068852459016393,1532,3072,1728,3072x1728,101.66666666666667,212.34025764465332,8c25d9082aebde8274e8f661dfc69820,True,82.04
99,1693725871.mp4,12.972921093393834,3244,3840,2160,3840x2160,250.05933333333334,176.78332424163818,1f7d8cb0adf8db48ca574dabec0f6d94,True,60.28
100,1692904968.mp4,12.346001935601999,472,3840,2160,3840x2160,38.231,22.757823944091797,15cfda37bf8997ba437c2a414f2eb484,False,
101,1693820205.mp4,60.0,392,3840,2160,3840x2160,6.533333333333333,12.461260795593262,48d4ca6d7221d37c28affdd973ad890e,True,50.56
102,1693014954.mp4,12.295266322465851,4920,3840,2160,3840x2160,400.154,228.7035961151123,6afa90b1a7d10c326682cf4ab41c5654,True,12.28
103,1698395097.mp4,15.069638734305933,3616,3072,1728,3072x1728,239.95266666666666,473.42102909088135,4e4bebb85116c8550bd09788a3b77ccb,True,89.23
104,1696519898.mp4,16.322141362733774,1022,3840,2160,3840x2160,62.61433333333333,72.98460865020752,8e824977c4660e409e8f1c45f517c8fd,True,14.62
105,1692968222.mp4,12.124980568941396,78,3840,2160,3840x2160,6.433,5.071510314941406,e4a64dda2c4327bccde5197edd9b6325,True,75.89
106,1693316590.mp4,15.0,70,3840,2160,3840x2160,4.666666666666667,8.620673179626465,130b3c2761f4ce56f91c04ce81a449f7,True,41.87
107,1693078051.mp4,12.403183694505355,2551,3840,2160,3840x2160,205.673,98.11157035827637,735d37a44e31c3d90819b9b4e2c48791,False,
108,1693084291.mp4,11.971006003807293,109,3840,2160,3840x2160,9.105333333333332,4.811424255371094,f2c0e76afffa39fbeedf58a23a33690a,False,
109,1693005749.mp4,12.357186609496924,464,3840,2160,3840x2160,37.549,19.32271957397461,7ff553857899e5290cbbece52e04d881,False,
110,1694506236.mp4,30.12024766185102,7229,3840,2160,3840x2160,240.00466666666665,467.44028759002686,ee9e82efd0b88aa529dba24513a7c809,True,86.61
111,1692894983.mp4,12.219546942822152,4889,3840,2160,3840x2160,400.09666666666664,263.39282989501953,58e785930f8037a4ec2a7202fea24f08,True,83.87
112,1693191710.mp4,12.35750408194663,830,3840,2160,3840x2160,67.16566666666667,35.63466739654541,2be1fc84d4870e8cad602278ad5a561a,False,
113,1692931471.mp4,12.418493121871187,2952,3840,2160,3840x2160,237.71,135.99339771270752,681b8939190e225d21b1c0071a1dfa53,False,
114,1692845192.mp4,12.372932325816386,4951,3840,2160,3840x2160,400.1476666666667,225.0165023803711,ecbf4cd625102f6415e0c474d4c5d7c3,False,
115,1696546610.mp4,18.80935217324272,4514,3840,2160,3840x2160,239.987,303.1634111404419,a960d5d5b296b785b8bbdb2281e53cfc,True,13.84
116,1696862193.mp4,20.194430942295675,4847,3840,2160,3840x2160,240.01666666666665,301.651891708374,5ff0801a0f0e264cb0ff6f8601659d87,True,85.69
117,1694183908.mp4,30.0,1517,3840,2160,3840x2160,50.56666666666667,108.52790451049805,9bd8a25ffbbbbed4d76f5c2d8aaa0343,True,70.17
118,1692847038.mp4,12.278308321964529,117,3840,2160,3840x2160,9.529,5.891670227050781,d3f5794638d596a05fe3b08f19dd5c73,False,
119,1692995368.mp4,12.317254902287443,4929,3840,2160,3840x2160,400.1703333333333,226.35686492919922,f48ae2f3834935ad760953588c631683,True,10.72
120,1693078412.mp4,12.411506983078722,322,3840,2160,3840x2160,25.943666666666665,13.953299522399902,faadb033ce1d3a2c5fda3ae2c45d4f2b,False,
121,1692835398.mp4,12.47662613435879,2362,3840,2160,3840x2160,189.314,118.92524147033691,6f3aabb1cf2cc54ef82ed1d99ee936c0,False,
122,1693013740.mp4,12.321226806563322,4929,3840,2160,3840x2160,400.04133333333334,226.4540672302246,a9d62149111d6377cf64cf1bc9a73c91,True,10.97
123,1692991278.mp4,12.222338293810957,429,3840,2160,3840x2160,35.09966666666667,21.28594398498535,92af3a2d315054525aceabec30b707bc,False,
124,1690281365.mp4,15.0,733,1920,1080,1920x1080,48.86666666666667,90.83542728424072,13f427d11b717a2aacb049b94bc50200,True,65.14
125,1692878025.mp4,12.222025973679738,4890,3840,2160,3840x2160,400.0973333333333,269.9712247848511,4ee76e7a3ebdc777f8661653e83230d5,True,40.72
126,1692991665.mp4,12.291071057032111,3190,3840,2160,3840x2160,259.538,148.89407062530518,cda8cae330a4a130f106a218d5cf8eb6,True,10.3
127,1693079924.mp4,12.368377207597467,4949,3840,2160,3840x2160,400.1333333333333,196.6670265197754,b088fcf3696778884d4724001309b407,False,
128,1696874589.mp4,19.939297674651087,4787,3840,2160,3840x2160,240.07866666666666,243.48334312438965,272deb401f4486ad296cbc47c73bc49b,True,54.12
129,1692991572.mp4,12.2799197682193,551,3840,2160,3840x2160,44.870000000000005,28.040021896362305,ab7c644504b46d3503a04f7f823b7eb9,False,
130,1695024763.mp4,30.0,1231,3840,2160,3840x2160,41.03333333333333,88.10224151611328,4d86e0c129c48f5db4ff2b18f26cbc6a,True,70.17
131,1693011192.mp4,12.309032955717473,4925,3840,2160,3840x2160,400.11266666666666,224.05738639831543,c40a68b9100950d8dfeb8e1b3b1c7935,True,15.71
132,1692996736.mp4,12.328005587718422,2018,3840,2160,3840x2160,163.69233333333335,90.37297439575195,60ff7bd1b9996756a1dc8979728240bd,False,
133,1694327012.mp4,29.394565297411273,7054,3840,2160,3840x2160,239.97633333333334,437.7653875350952,c10a51cfe7aaf0c1830eaa419c1a9aa8,True,89.9
134,1693168527.mp4,12.395485977189974,4960,3840,2160,3840x2160,400.1456666666666,201.87650203704834,25f065d2b2912b5fb794256e6eeeb866,False,
135,1693000190.mp4,12.316869462344988,4928,3840,2160,3840x2160,400.10166666666663,222.4899139404297,b457499d2d449711ecfb281a6807ec5e,False,
136,1694179611.mp4,30.0,1253,3840,2160,3840x2160,41.766666666666666,89.75395202636719,0d798ff202a32c0dbb4dd46d24b4ab0d,True,82.6
137,1694182879.mp4,30.0,1773,3840,2160,3840x2160,59.1,126.88128662109375,3674949f44a2134b9545bf0248381399,True,70.17
138,1693476197.mp4,15.0,1269,3840,2160,3840x2160,84.6,150.84625911712646,fff757eb3775383e1d1e085ff9c0d939,True,82.17
139,1692927912.mp4,12.424885088971706,4972,3840,2160,3840x2160,400.1646666666667,208.02335453033447,6f72ae320cb674ae5f6cba154f74adfe,False,
140,1692976833.mp4,12.241776332232511,4898,3840,2160,3840x2160,400.10533333333336,280.04719066619873,bc07b1ba2a5036b74709313d1783cad1,True,83.2
141,1693193998.mp4,12.315617692704347,4928,3840,2160,3840x2160,400.1423333333333,206.717453956604,f67e5320d225414912063fc1c780ea66,False,
142,1693084306.mp4,12.365599907366295,4948,3840,2160,3840x2160,400.14233333333334,189.99737930297852,1994ccbe83eaad4ecaffc4cbd08031c1,True,16.28
143,1693005120.mp4,12.338768638072802,3696,3840,2160,3840x2160,299.5436666666667,166.83415031433105,b756fe414cb895ccfbf61d305d4cdd2f,False,
144,1698655093.mp4,15.069568168321032,1421,3072,1728,3072x1728,94.29599999999999,201.341552734375,fa0d21297f177d5d9991ae49424e3327,True,42.01
145,1692997370.mp4,12.298717419469112,2870,3840,2160,3840x2160,233.3576666666667,137.0947322845459,b85f92437ce6567f9fc5268ab8077e8e,False,
146,1692934772.mp4,12.146551398693797,429,3840,2160,3840x2160,35.318666666666665,20.373382568359375,22caadcd77f92f82386bb2241c44da4b,False,
147,1696009577.mp4,19.32783027054797,4640,3840,2160,3840x2160,240.06833333333333,257.8745393753052,e01cc1d0a84bad582c8d5be2661e15ea,True,53.8
148,1692848600.mp4,12.312427856868027,128,3840,2160,3840x2160,10.395999999999999,6.189560890197754,8e097654efc9c283cc7de6da92a6ef2d,False,
149,1693193816.mp4,12.280744082804546,1527,3840,2160,3840x2160,124.341,63.21608829498291,a08b602b1869ae98eb7c5fab9ac1ab5e,False,
150,1693079898.mp4,12.165021156558533,184,3840,2160,3840x2160,15.125333333333334,7.729442596435547,e31e011df2953ddb478b94726d9e71ef,False,
151,1698394385.mp4,15.069973688670569,3616,3072,1728,3072x1728,239.94733333333335,468.5431156158447,38ebfcc6c29e2681bcd54a904c258591,True,77.51
152,1698666043.mp4,15.070489060386029,1255,3072,1728,3072x1728,83.27533333333334,178.9825315475464,6cc913c915e40a7fd801fa71643534e3,True,58.89
153,1693188535.mp4,12.363227937328983,4946,3840,2160,3840x2160,400.05733333333336,189.12007904052734,9a04c37f9e36bcca4ea7e5bfb1b61fdb,False,
154,1693833234.mp4,60.0,176,3840,2160,3840x2160,2.933333333333333,5.654232978820801,39e4c13811cc1cdf6f6531f33853d4f2,True,67.22
155,1692998277.mp4,12.385737635450088,1705,3840,2160,3840x2160,137.65833333333333,75.21751022338867,f8b54037238dbeef69e8d4b645fdbe8e,False,
156,1692952090.mp4,12.183020948180816,442,3840,2160,3840x2160,36.28,28.327611923217773,a7aa93ba1730e7f55330fc02385ebdf8,True,48.66
157,1692933654.mp4,12.358067217015776,4487,3840,2160,3840x2160,363.0826666666667,196.85364055633545,284dc1e81cd407652b460e49822ea9ef,False,
158,1692845758.mp4,12.416399244219177,414,3840,2160,3840x2160,33.342999999999996,19.931657791137695,2c9788f47163550214b566ed26f3c6ab,False,
159,1693082639.mp4,12.339178704398734,4937,3840,2160,3840x2160,400.10766666666666,199.47118759155273,80e5ab8bc255c47a76d743d1e1865861,True,19.22
160,1696022719.mp4,19.746957812875454,4739,3840,2160,3840x2160,239.98633333333333,236.52724266052246,b69d4b378e0fb088a9412810b5a6a2f2,True,15.55
161,1692994905.mp4,12.309915797411085,653,3840,2160,3840x2160,53.04666666666667,29.909987449645996,e3c7839de862ee25beae5da06aed4ce3,True,10.44
162,1694182075.mp4,30.0,1743,3840,2160,3840x2160,58.1,124.67259788513184,4c60b4f2ea445f0dba97dbe835b7ad97,True,70.17
163,1698488867.mp4,15.069052599994999,3616,3072,1728,3072x1728,239.96200000000002,442.452787399292,7aaf6bc737621430bdc3c163321a300f,True,47.97
164,1692996554.mp4,12.208726577050871,1689,3840,2160,3840x2160,138.34366666666665,79.63682651519775,29651c668ca59806f8e10daa8e50d98c,False,
165,1692829599.mp4,12.436374644034352,1479,3840,2160,3840x2160,118.92533333333334,65.88118743896484,9ff2f85cad551493a3e7eda43dffc837,False,
166,1698560992.mp4,15.008960573476703,67,3072,1728,3072x1728,4.4639999999999995,9.483112335205078,13a367d20b024aa914f848fbd2f2ca28,True,74.24
167,1693165852.mp4,12.429014930175923,1133,3840,2160,3840x2160,91.15766666666667,46.206899642944336,915b0c52270a6620430adfe2ec5c96de,False,
168,1696032590.mp4,19.541558102454985,4690,3840,2160,3840x2160,240.00133333333335,224.26042461395264,9894fb99952e5d915ca0edaf310c6b3e,True,10.46
169,1692848825.mp4,12.465843377322122,1177,3840,2160,3840x2160,94.41799999999999,59.25429439544678,486626ccaeb4723f885e5d5a9464ac61,False,
170,1696578282.mp4,19.906729735660182,4778,3840,2160,3840x2160,240.01933333333335,294.41836738586426,78424ab20dd0cf19f567dee2b75e45c4,True,74.7
171,1693085716.mp4,12.375762747293338,4322,3840,2160,3840x2160,349.231,165.67918586730957,af1ee0860aa4d5b4dfe39117d76c6e99,True,15.76
172,1692819200.mp4,12.439668275512654,1244,3840,2160,3840x2160,100.00266666666666,62.222853660583496,60b58ba3314e00bb2ce4ce3202ad7f0d,False,
173,1692004593.mp4,15.0,1269,1920,1080,1920x1080,84.6,143.21143436431885,6c370f68b1b909ea1f0e7e4a2377187f,True,83.35
174,1692929932.mp4,12.403366890026147,4962,3840,2160,3840x2160,400.05266666666665,213.07859420776367,8f3bdf6fb757e2918a5d2d9fa887ba38,False,
175,1693081786.mp4,12.375662186960543,1668,3840,2160,3840x2160,134.78066666666666,65.05029392242432,e6279fa3f7352cedc9fdeaa8c0d6b234,False,
176,1693088221.mp4,12.372252103066282,4951,3840,2160,3840x2160,400.16966666666667,192.31421375274658,9faab7a0f3b81db3b6d2f3914b28492a,False,
177,1696009051.mp4,16.666666666666668,220,3840,2160,3840x2160,13.2,15.881668090820312,0f1eff1543c1ac6e6525c39e0c200505,True,52.51
178,1694177954.mp4,30.0,577,3840,2160,3840x2160,19.233333333333334,41.552618980407715,ea1169d8a5b2eeae8008612a4759ae5a,True,70.17
179,1692847874.mp4,12.42490501265779,2881,3840,2160,3840x2160,231.87300000000002,133.14585304260254,a5e8919e025455fb6dae3b7831f18cd9,False,
180,1693176195.mp4,12.346090404705176,4940,3840,2160,3840x2160,400.12666666666667,180.80628395080566,f73f931f5cb3d827673aabc401f4a3b9,False,
181,1692933197.mp4,12.369490517412277,2995,3840,2160,3840x2160,242.12800000000001,130.24838542938232,064a3deff82988036299baf6f380f1b1,False,
182,1693164496.mp4,12.307802076272699,575,3840,2160,3840x2160,46.71833333333333,20.39760398864746,bc8d49b4e8770cc4ec467c855bfd8c12,False,
183,1692935684.mp4,12.366259206590007,4948,3840,2160,3840x2160,400.121,230.30079555511475,0a391910272827c5c442325f0baf7a61,False,
184,1692907407.mp4,12.428729951914585,4973,3840,2160,3840x2160,400.1213333333334,214.36256313323975,640ac1ab5ac30ff8882be74d24cb94ac,True,22.82
185,1693020765.mp4,12.372317600934743,2026,3840,2160,3840x2160,163.75266666666667,95.3785514831543,86173dce90151280ada9c4cbe547feb0,False,
186,1692840871.mp4,12.384503160966121,382,3840,2160,3840x2160,30.845,18.463574409484863,8907b65aa4f076aef563358c4f9c4546,False,
187,1692991641.mp4,11.96003229713363,79,3840,2160,3840x2160,6.605333333333333,3.734598159790039,13aac3b04ff0d91bd03fb98b2b376f40,False,
188,1692932185.mp4,12.262940787087075,1093,3840,2160,3840x2160,89.13033333333333,48.627891540527344,eeb49849d9ca0e366221037c39fd2368,False,
189,1693194928.mp4,12.166716904611844,148,3840,2160,3840x2160,12.164333333333332,6.541367530822754,b478106ae1cf7337b770a273fa642dc9,False,
190,1693084930.mp4,12.206171467646808,238,3840,2160,3840x2160,19.49833333333333,10.296274185180664,979316b8ee3406e9df799d447263c806,False,
191,1693090842.mp4,12.341440497271511,683,3840,2160,3840x2160,55.342,25.86008358001709,f0961727036afb7d88a9b8355f48f281,False,
192,1692906944.mp4,12.39839757788828,3489,3840,2160,3840x2160,281.4073333333333,151.18543529510498,7c1d7905a8a248e4fe51b206486cb4f6,False,
193,1693083701.mp4,12.250129703665273,669,3840,2160,3840x2160,54.611666666666665,25.577141761779785,97e054c50964875d12d4bb6f634413b2,False,
194,1692993900.mp4,12.286500954849794,534,3840,2160,3840x2160,43.46233333333333,26.529852867126465,42bbbb5926b9d68c7470cbabb59808b0,False,
195,1692994579.mp4,12.318148812968335,1114,3840,2160,3840x2160,90.43566666666666,55.46019649505615,e4ec175fb55775cb7d954b0994fc39d3,False,
196,1693168351.mp4,12.295030232646209,1948,3840,2160,3840x2160,158.438,77.73624992370605,0d88f01ea660fd4065a1fd44bdfc4ee4,True,30.91
197,1692924932.mp4,12.41590275209181,4968,3840,2160,3840x2160,400.132,208.96305465698242,84525f3ba7c7cc707b31265a2bc63e77,True,34.95
198,1692908037.mp4,12.436204231168336,783,3840,2160,3840x2160,62.961333333333336,37.543996810913086,5ec114253864e8625285cf7dc89bc6c0,False,
199,1692992010.mp4,12.323563255933148,1635,3840,2160,3840x2160,132.67266666666666,71.47432613372803,0d5bf916fe2f4bbe6007e8fa40d33f3f,False,
200,1693086644.mp4,12.429276276961575,3159,3840,2160,3840x2160,254.158,125.39987182617188,4643115e16c6c723c25242c468ff07c9,False,
201,1692993596.mp4,12.253753646741854,3496,3840,2160,3840x2160,285.30033333333336,164.36137294769287,d198a08af5fa7280c68c8eba7f2c4834,False,
202,1693089421.mp4,12.329843584988815,1977,3840,2160,3840x2160,160.34266666666667,78.79316234588623,cda93dfe8a7644481a7aa7b265650de8,True,10.52
203,1693089612.mp4,12.387791741472173,3013,3840,2160,3840x2160,243.22333333333333,114.46978855133057,8a4e1738f12f1229afa1ea70640a1fca,True,12.49
204,1694171351.mp4,30.0,209,3840,2160,3840x2160,6.966666666666667,15.126358032226562,e2b8533d6f215bfd14c9fa2d160276ad,True,70.17
205,1693193608.mp4,12.301366215863093,2495,3840,2160,3840x2160,202.823,101.98818683624268,c2f2265861f845aad85ce0bff8539012,False,
206,1692956080.mp4,12.236563565065477,4896,3840,2160,3840x2160,400.1123333333333,271.5049057006836,2c4a3fff52828c012685e4ec7a3d6f88,True,92.34
207,1698566051.mp4,15.068877704477552,2004,3072,1728,3072x1728,132.98933333333332,285.8006362915039,09a7fe857adce8fafdc713662e52772c,True,74.94
208,1692826981.mp4,12.407547320694489,4965,3840,2160,3840x2160,400.1596666666667,226.41646003723145,85d8100757a891779dd8e69ce7e053d2,False,
209,1698645707.mp4,15.069303794830763,3616,3072,1728,3072x1728,239.958,514.531720161438,628b1fe1169e04587589e3633f7f1701,True,14.6
210,1693190471.mp4,12.352260448088401,3437,3840,2160,3840x2160,278.2486666666666,134.8304615020752,9a322bc8b62122067f92eb9c1d3a5ef8,False,
211,1693310672.mp4,15.0,1066,3840,2160,3840x2160,71.06666666666666,125.36403465270996,d239a036569da5c1fa02f0d7a2aa8943,True,82.17
213,1693078984.mp4,12.38300339600762,2093,3840,2160,3840x2160,169.022,86.55252933502197,3ef79202229dc7d064e07dbe4f746225,False,
214,1693164558.mp4,12.295661366227051,3218,3840,2160,3840x2160,261.7183333333333,129.7718267440796,7b92335adeea86f0cdab71afd5bc2a89,False,
215,1696612976.mp4,20.259742423947852,4863,3840,2160,3840x2160,240.03266666666667,315.96966075897217,7d47248f6dd0120daede607c19d4dcc5,True,94.86
216,1693021427.mp4,12.296229947412648,2590,3840,2160,3840x2160,210.63366666666667,127.16728115081787,45765d9b923b6c4db9b89237d3bdb806,False,
217,1693020511.mp4,12.32016713364403,2351,3840,2160,3840x2160,190.82533333333333,117.24148464202881,338bc988d11bfb582b8ae477804e0dfe,False,
218,1693193435.mp4,12.324826581826498,2048,3840,2160,3840x2160,166.16866666666667,84.96893882751465,282bba8ae9687b067c3fde81de02eff1,False,
219,1696463491.mp4,20.13789157011386,4833,3840,2160,3840x2160,239.99533333333335,229.0612440109253,7665179aa8f3cba8592bb32dcd02504d,True,35.2
221,1693170572.mp4,12.326864940705827,3977,3840,2160,3840x2160,322.6286666666667,158.56622695922852,25bdd615bd3b84dca88a838ed0044181,True,10.96
222,1694254997.mp4,29.976498824941245,7194,3840,2160,3840x2160,239.988,438.4247131347656,b6b902c0659d47a27e8266ca70aee2bc,True,73.67
223,1693191940.mp4,12.337446821349907,2726,3840,2160,3840x2160,220.95333333333335,112.61468410491943,49ec61cf4a7fe63a719f4ee4482d931a,False,
224,1698647259.mp4,15.03526791238708,162,3072,1728,3072x1728,10.774666666666667,23.01023578643799,1dfb08e5a94163dc7511240092dad84e,True,63.48
225,1690801380.mp4,11.80514286632081,735,1920,1080,1920x1080,62.261,46.877333641052246,1c4c5015f32c98c9d7612c0eae73da46,True,50.92
226,1693820904.mp4,60.0,1008,3840,2160,3840x2160,16.8,31.997596740722656,47a79b6781d3f32cf19889c7706c9e01,True,67.22
227,1692849787.mp4,12.438923809404796,4977,3840,2160,3840x2160,400.115,276.5558376312256,8c093e295114f073430199d9598166c3,True,22.09
228,1693167809.mp4,12.342552693462038,4939,3840,2160,3840x2160,400.1603333333333,194.69609451293945,665ec5e14e9e993da242bd97df2af24b,False,
229,1696617334.mp4,19.080120672700303,4579,3840,2160,3840x2160,239.98799999999997,231.68046951293945,f4e67d7cdadaa93022cdee68c6870827,True,26.14
230,1693090910.mp4,12.363543666026871,4947,3840,2160,3840x2160,400.12800000000004,199.7354040145874,9d47673d92f0c709ac4d9025fc9282b3,True,10.29
231,1692992511.mp4,12.354386280477703,870,3840,2160,3840x2160,70.42033333333333,39.28111171722412,fcbc4b7c0298118a9337f343b4a226ed,False,
232,1692933580.mp4,12.363304114439083,866,3840,2160,3840x2160,70.04599999999999,40.923349380493164,b4ba3e9610517e7666df519133145bbe,False,
233,1698580836.mp4,15.067287673585026,1872,3072,1728,3072x1728,124.24266666666668,266.4595193862915,4ff7acb905d4c6258726884240fa57d1,True,87.32
234,1692872075.mp4,12.285198534905941,4916,3840,2160,3840x2160,400.15633333333335,280.87011909484863,2bacf0818f612cd5facb663866bf3a63,True,16.5
235,1696837949.mp4,19.508462831997267,4683,3840,2160,3840x2160,240.04966666666667,295.2284469604492,8fe3b32ee1a7c1e0823a55662561a41c,True,49.24
236,1696491410.mp4,20.380785735116444,4892,3840,2160,3840x2160,240.03,295.3603515625,a894c60788434eceb852354e2072ee1d,True,90.81
237,1692835598.mp4,12.422489595863002,4971,3840,2160,3840x2160,400.16133333333335,240.1708526611328,01f26c3235e5ab21458a269586bfb0ac,True,13.89
238,1696091132.mp4,21.875292137982612,78,3840,2160,3840x2160,3.5656666666666665,5.6086273193359375,a6ebb72aec98d18046c794019f7d80be,True,68.9
239,1692834871.mp4,12.40190245889284,3867,3840,2160,3840x2160,311.807,172.78954696655273,ba29e8572bbf1866c60338972bab090d,True,17.93
241,1693820504.mp4,60.0,668,3840,2160,3840x2160,11.133333333333333,21.29776668548584,8eb3cb9939d05e0f881a9c93a525c761,True,80.82
242,1693087570.mp4,12.459291942430928,593,3840,2160,3840x2160,47.595,24.725645065307617,622ae5ff0517e85a78b2928b01628aa7,False,
243,1692833379.mp4,12.409145147778709,3723,3840,2160,3840x2160,300.02066666666667,165.34194564819336,8c4cf88c3891f4759ed353b2d3304b87,True,16.08
244,1693017025.mp4,12.324501038080733,4931,3840,2160,3840x2160,400.0973333333334,232.04839324951172,1482c3a50e5f7662b2df67809a8cbd7b,False,
245,1696586645.mp4,17.79674740019774,4506,3840,2160,3840x2160,253.19233333333332,290.00765228271484,16bb4ee7504884119f95aa5070430296,True,94.72
246,1692960047.mp4,12.207789827758123,4885,3840,2160,3840x2160,400.15433333333334,274.56158351898193,567e4b1bdafd520d7d98ce6dde10447c,True,52.96
248,1698344745.mp4,15.067587463678336,3616,3072,1728,3072x1728,239.98533333333333,143.07055377960205,a64cb51af2010c58a960f9e76d49f9cb,True,17.31
249,1693015869.mp4,12.279256229812624,4913,3840,2160,3840x2160,400.10566666666665,221.73055267333984,fee299d3d20cf86f5eef0a82157d7c03,True,15.67
250,1696439532.mp4,19.93655855140174,4785,3840,2160,3840x2160,240.01133333333334,312.3324956893921,50fc4143e8dc42246dee546977f8fc2f,True,73.53
251,1696460523.mp4,19.288919878824412,4629,3840,2160,3840x2160,239.98233333333334,219.76151657104492,af648edc0dc71a108398d18e8e1316a8,True,14.24
252,1696591166.mp4,16.844919786096256,357,3840,2160,3840x2160,21.193333333333335,25.63468647003174,eeb6b74dbca99b4f467bbe8ac12e2b0c,True,55.23
253,1693171918.mp4,12.355718342042037,3677,3840,2160,3840x2160,297.595,145.11971378326416,91e7522e676f57b462bb20873f08fa4b,True,13.24
254,1693006550.mp4,12.276756890054877,4912,3840,2160,3840x2160,400.1056666666667,229.24867343902588,ebbb3f7fdade73abf7d29a9b76f6ba1c,False,
255,1698571428.mp4,15.068424649542447,3616,3072,1728,3072x1728,239.972,435.7607088088989,470d0f232f2ca8234c0f94a516c8fe3b,True,85.98
256,1696441496.mp4,20.152067492969483,4837,3840,2160,3840x2160,240.025,225.56025791168213,d8f8247ce0b1811ad04505bc6ed5452b,True,46.86
257,1692844806.mp4,12.438679810865338,4772,3840,2160,3840x2160,383.642,221.49872875213623,d27aedfffe1142af9efb7053981d6050,True,10.5
258,1696743420.mp4,7.352059090675396,143,3840,2160,3840x2160,19.450333333333333,10.20750617980957,7fdd9c9f4e783f73e9f2ed4e9f90cd2d,True,33.87
259,1696003223.mp4,18.726591760299627,130,3840,2160,3840x2160,6.941999999999999,9.351463317871094,d1e4e9c37e857ee4c2d36dfd3ecb1bb5,True,93.15
260,1692993159.mp4,12.254316397941881,1402,3840,2160,3840x2160,114.40866666666666,62.754690170288086,43dee95eabe5162d717d34f26f81a16c,False,
261,1692847056.mp4,12.42387636939226,4971,3840,2160,3840x2160,400.1166666666667,230.72755813598633,f1211c075466c301f8eb02035123540d,False,
262,1692840564.mp4,12.386686468931602,1340,3840,2160,3840x2160,108.18066666666667,61.84213447570801,0f6c58e0e94bf2ec52a7b5e7accd8644,True,10.57
263,1693954819.mp4,22.81403684254397,2737,3840,2160,3840x2160,119.97,148.5279188156128,8e34d48445be4a332af2b3e388feb486,False,
264,1693000591.mp4,12.302805999596739,4922,3840,2160,3840x2160,400.0713333333333,222.14631843566895,aca076d3f647bfcf7b711eaf341765d9,False,
265,1698674838.mp4,15.065856739038912,501,3072,1728,3072x1728,33.254000000000005,67.50637722015381,e223ba91fd0fd8d2d1301601b6035bca,True,77.03
266,1696576691.mp4,15.904826880436637,373,3840,2160,3840x2160,23.451999999999998,26.79947280883789,df4b1b38ae33af76edc2db084cc3a112,True,23.12
267,1696067707.mp4,17.78278262294308,4269,3840,2160,3840x2160,240.06366666666665,254.22825241088867,8c03542d4615e142082ae9742e635eaa,True,54.86
268,1698573769.mp4,15.132408575031526,64,3072,1728,3072x1728,4.229333333333333,8.696562767028809,5b88963e17eaff9d0d9176201900e247,True,77.54
269,1696440272.mp4,19.889175984149748,4775,3840,2160,3840x2160,240.08033333333336,333.89117908477783,079271a639d8aec781e6204d48a562b0,True,14.12
270,1693017630.mp4,12.330283666497564,4934,3840,2160,3840x2160,400.153,236.84576892852783,9eb27f704944d0f99b7a751b9806c2c9,False,
271,1693167338.mp4,12.346060301895534,533,3840,2160,3840x2160,43.17166666666667,18.65045738220215,1565d3308cb59b4e3bc2516fa39991df,True,19.45
272,1693002786.mp4,12.182753828239449,973,3840,2160,3840x2160,79.86699999999999,46.7431697845459,c0d05a968f97036f6811c78f836192e7,False,
273,1692935611.mp4,12.33104618161652,756,3840,2160,3840x2160,61.30866666666667,35.69046211242676,781ef4ba5930489c381b384a14c74760,False,
274,1692831698.mp4,12.438208817957804,4977,3840,2160,3840x2160,400.13800000000003,228.37052154541016,b55aa95e35d40999b8b52e1ead350a47,True,12.98
275,1693316438.mp4,15.0,1175,3840,2160,3840x2160,78.33333333333333,139.29132843017578,b23b9620bbd935ea2c226a0c2bcbd6b4,True,82.17
276,1692934273.mp4,12.357406954835353,1045,3840,2160,3840x2160,84.56466666666667,48.10696887969971,d13c2a16c70730e93fc2ca51cc209bbf,False,
277,1692889368.mp4,11.83759648333391,114,3840,2160,3840x2160,9.630333333333335,7.292546272277832,aa58f9ae327bcd8e805ccd6e6073f68a,True,82.53
278,1693308534.mp4,15.0,572,3840,2160,3840x2160,38.13333333333333,64.7801284790039,2b64cad04a83896adf19ae44178c7d84,True,82.17
279,1696411261.mp4,20.045638445181783,4811,3840,2160,3840x2160,240.00233333333333,298.8484344482422,b118b9c8d2c7ae2a3d9cfa10d3a62fa2,True,52.4
280,1696611876.mp4,19.873565948651272,4769,3840,2160,3840x2160,239.967,301.4222936630249,28ef1930b23b7ff67a57d28cdc5c3abc,True,51.26
281,1693081188.mp4,12.313593228185034,1862,3840,2160,3840x2160,151.215,73.3910264968872,df444cbcdf1857537bd396f81afaf77c,False,
282,1692875102.mp4,12.232828642241909,997,3840,2160,3840x2160,81.502,63.49494171142578,6e11a6d04b6840efe4caf0d4c34a7394,True,55.4
283,1693001006.mp4,12.275634413038993,2380,3840,2160,3840x2160,193.88,107.445725440979,b63ebf7862432157d6f74927c9362372,False,
284,1693169001.mp4,12.227380695314187,151,3840,2160,3840x2160,12.349333333333334,6.604526519775391,9fb7462bd31bdba81f2fca13f49e7017,False,
285,1694508880.mp4,30.12692477574956,7230,3840,2160,3840x2160,239.98466666666667,476.0775394439697,a5f9bbea58b5ec4ceda7eb5a889a18ae,True,73.54
286,1693089890.mp4,12.29187327104755,157,3840,2160,3840x2160,12.772666666666666,6.518929481506348,fec75741b167141e372e51d3aaacb612,False,
287,1696836730.mp4,20.29543352745632,4872,3840,2160,3840x2160,240.054,301.23320484161377,48d339dc457066a986c786aab3c04bb2,True,91.24
288,1692846848.mp4,12.504255950092807,2277,3840,2160,3840x2160,182.098,102.11109352111816,634317fd1bc64b6d5722c2088f250661,False,
289,1692845805.mp4,12.45491560501196,4983,3840,2160,3840x2160,400.08299999999997,222.17270183563232,564ae78e7ea7c848965eb1a95523f8e9,False,
290,1693193323.mp4,12.230758127375664,1271,3840,2160,3840x2160,103.91833333333334,58.724464416503906,b3a259a7014b4fda04d561be2088e6aa,False,
291,1698402968.mp4,15.070107701686648,1236,3072,1728,3072x1728,82.01666666666667,174.9918270111084,3b7d4538bd4598ca028b68e7d9a0e705,True,64.97
292,1693091374.mp4,12.168178735234667,604,3840,2160,3840x2160,49.63766666666667,21.57658290863037,e6c0a696606449258a4a34ae358f8113,False,
293,1692824087.mp4,12.357412865037226,4945,3840,2160,3840x2160,400.1646666666667,227.33019828796387,58b7f2c6030d3a4aed219c4812a18a69,True,25.16
294,1693080344.mp4,12.349000641213602,2555,3840,2160,3840x2160,206.89933333333335,108.41125774383545,6910aeb4f29d229f27e63b53aa0f72ca,False,
295,1690457472.mp4,9.25556698218146,147,1920,1080,1920x1080,15.882333333333333,9.566168785095215,d6d9b5f296223ddea6d1c0e43203a678,True,76.75
296,1692932871.mp4,12.3464753844566,638,3840,2160,3840x2160,51.67466666666667,29.73874568939209,fecf36da0ada75ae508125765d09be27,False,
297,1696548458.mp4,20.324717712253996,4878,3840,2160,3840x2160,240.00333333333333,183.97320747375488,ead5a0680c7d52c20a1018244753a7b8,True,33.44
298,1696462589.mp4,16.54857498382084,3972,3840,2160,3840x2160,240.02066666666664,248.83983993530273,fbd0da2551561ab421b390e4557fc079,True,30.13
299,1696610619.mp4,17.674815281242775,4435,3840,2160,3840x2160,250.92200000000003,281.42567443847656,150651dbaa05672372a6a9096bcf6404,True,84.05
300,1693083062.mp4,12.3872747995441,4956,3840,2160,3840x2160,400.088,195.5020570755005,f97ebbd8e729ec13985d553e6fca483c,True,10.32
301,1693079211.mp4,12.376690094235558,1309,3840,2160,3840x2160,105.76333333333332,51.239234924316406,f172fe0c12e307e642ba4b5428c1c2b3,True,10.87
302,1694176805.mp4,30.0,589,3840,2160,3840x2160,19.633333333333333,42.32875728607178,7c7ccaae196f90a7abbe2332a54c39bf,True,77.15
303,1692908216.mp4,12.187267773098835,82,3840,2160,3840x2160,6.7283333333333335,3.846005439758301,fdc286f008c82fd954f63ee57b59108c,False,
304,1698583360.mp4,15.068736782723962,3615,3072,1728,3072x1728,239.90066666666667,406.62319469451904,2e5a147253c65a9d7d6c5c56eca8a349,True,87.86
305,1698388094.mp4,15.06917819636606,3616,3072,1728,3072x1728,239.96,504.19890689849854,cd45efbdac1f4b08d189cf812a68c8da,True,11.83
306,1692994965.mp4,12.310486155076472,4926,3840,2160,3840x2160,400.14666666666665,227.49786853790283,864433c8a0e25906cf3edbd8b81a9033,True,10.06
307,1693106094.mp4,12.389551549767562,4616,3840,2160,3840x2160,372.572,177.29212951660156,fa691900cd6ee063f93ba62b411d1f38,False,
308,1693957926.mp4,22.605714222206167,2712,3840,2160,3840x2160,119.96966666666667,171.980619430542,0e939b8aa21c3d19789ed4b66699797a,True,15.07
309,1693083478.mp4,12.345228881438404,2483,3840,2160,3840x2160,201.13033333333334,102.73674488067627,d71771b3dc1af6e51f5f1ed1893b2ebe,False,
311,1696879721.mp4,19.216720046444575,4612,3840,2160,3840x2160,239.9993333333333,222.81067180633545,f3a133dc6cb0f23b78244416a944f683,True,19.74
312,1693834150.mp4,60.0,672,3840,2160,3840x2160,11.2,21.45708179473877,c1fa6e48f1362e0118098dd77694dba2,True,67.22
313,1692824528.mp4,12.2568499274772,1645,3840,2160,3840x2160,134.21066666666667,79.90699481964111,fe5881d21275cd203a9d6e99a58ec5ce,False,
314,1692929224.mp4,12.38305998726866,4954,3840,2160,3840x2160,400.0626666666667,208.27918910980225,ff1593f42dd0b9325bd3a5a2b8f9f0a7,False,
315,1692934362.mp4,12.364831257253643,4947,3840,2160,3840x2160,400.0863333333333,219.91057205200195,d88bc64dba4dde36712a3e199f46f6e4,False,
316,1693097356.mp4,12.392109432396907,4959,3840,2160,3840x2160,400.174,191.1093635559082,c80be9b3fd54c9c4cddf7fe708000d48,False,
317,1695025422.mp4,30.0,1509,3840,2160,3840x2160,50.3,108.0346212387085,8ea4490aeb5ab4443354943d20e8301c,True,70.17
318,1692840330.mp4,12.4094023703757,920,3840,2160,3840x2160,74.13733333333333,41.51065540313721,17d9445cef4d10de5ce7233d3dbc00d0,False,
319,1692934967.mp4,12.411851683348498,2037,3840,2160,3840x2160,164.11733333333333,96.26181125640869,97c7630777c486d0ad1d19cd0b0cd8a3,False,
320,1693167394.mp4,12.218681537542322,409,3840,2160,3840x2160,33.473333333333336,18.09000873565674,f36e1e6cd9d3feebc8592cbd409a164e,False,
321,1692824742.mp4,12.42300196718361,4970,3840,2160,3840x2160,400.06433333333337,226.89534187316895,999c4406c7f86965e8fe8a20633b525c,False,
322,1693012278.mp4,12.288107001746875,4917,3840,2160,3840x2160,400.14300000000003,221.40314865112305,c847c325888c9e78cb175d628457d6b3,False,
323,1696506265.mp4,10.47880058036434,65,3840,2160,3840x2160,6.203,4.761199951171875,a24f7e14253e6faf29cd6013a8d9f58c,True,25.37
324,1692848654.mp4,12.41691171019793,335,3840,2160,3840x2160,26.979333333333333,13.039542198181152,ce5de6af9ae015958debaf059167faee,False,
325,1696011726.mp4,19.846885141637493,4764,3840,2160,3840x2160,240.03766666666667,220.61085891723633,1b9cfa574d92db20dfb634eda53d7c5c,True,13.35
327,1698278058.mp4,15.069429395389154,3616,3072,1728,3072x1728,239.95600000000002,185.0137882232666,05c1e6273342813325fdb418612e1f9c,True,18.46
328,1693166047.mp4,12.39936858721389,4713,3840,2160,3840x2160,380.1,192.33091354370117,1b6ff9f42e8fc89069f9352691ee0ee5,False,
329,1692936150.mp4,12.337316633632184,4936,3840,2160,3840x2160,400.08700000000005,240.1765422821045,f24277029196636c4be0e481885e67e9,False,
330,1692992401.mp4,12.30309785694757,780,3840,2160,3840x2160,63.398666666666664,38.583251953125,364347818a66d836a3ef1e05655ce5fb,False,
331,1696030630.mp4,18.790736182342513,4509,3840,2160,3840x2160,239.9586666666667,275.5076217651367,03c06762d29b1d15fbd3b7662bcf5c3e,True,22.23
332,1698391973.mp4,15.062448349523645,644,3072,1728,3072x1728,42.75533333333333,91.94646739959717,7bb21a27305a865e370f2a3435efb11b,True,73.22
333,1692990747.mp4,12.331290336823672,4934,3840,2160,3840x2160,400.12033333333335,242.06775856018066,2f3474b3285f00552ca56dee17ce0c6e,True,11.29
334,1694509388.mp4,30.119411027812575,7229,3840,2160,3840x2160,240.01133333333334,455.0642261505127,c6ad2d0748b82234f0bc57bf70007ba2,True,63.05
335,1693820241.mp4,60.0,365,3840,2160,3840x2160,6.083333333333333,11.593684196472168,2a3fcb13b36c9ee889d781ddcae82759,False,
336,1693207486.mp4,12.25859804446174,1092,3840,2160,3840x2160,89.08033333333334,69.64523410797119,47b409ad1594538f1a261b281197f799,True,64.87
337,1693081985.mp4,12.321796543168341,1172,3840,2160,3840x2160,95.116,47.80112361907959,76fc95ccf3fad5633c5457dcdc80d1bb,False,
338,1694173370.mp4,30.0,213,3840,2160,3840x2160,7.1,15.482894897460938,e644234d8f17f5e13f7f793f06d285c8,True,70.17
339,1698644589.mp4,15.096918489065606,81,3072,1728,3072x1728,5.365333333333333,10.983342170715332,7971b458acc33f4e118c8320699d6cde,True,14.28
340,1693108968.mp4,12.32196058305618,4930,3840,2160,3840x2160,400.09866666666665,214.75807189941406,ab377bb6292d463c29bcc7b878133d60,False,
341,1693500300.mp4,8.945487684965345,2238,3840,2160,3840x2160,250.18200000000002,121.05432033538818,7dc6a3708a219022157e2c58f06d4954,True,61.43
342,1698648235.mp4,15.068843277362285,3616,3072,1728,3072x1728,239.96533333333335,471.7610263824463,9c291f0d05917b6a0d3310bbc5453dc7,True,72.94
343,1696067464.mp4,16.122201006769657,3870,3840,2160,3840x2160,240.04166666666669,267.1218776702881,b70ba4966b8091782a431f2d26a90108,True,28.03
344,1693078473.mp4,12.38443906095534,380,3840,2160,3840x2160,30.683666666666664,16.399325370788574,cb9520b56de3daa5910c6f485c0befac,False,
345,1693190751.mp4,12.290800689066302,3565,3840,2160,3840x2160,290.0543333333333,139.61455059051514,c95b57b96c1868e796d0a2f4679b2ecb,False,
346,1696524981.mp4,20.32833595074544,4880,3840,2160,3840x2160,240.05900000000003,319.2927083969116,2c73d7a72144f560d9b1d11fd136d1c7,True,93.86
347,1693098075.mp4,12.41632683664416,4968,3840,2160,3840x2160,400.11833333333334,194.94644832611084,28876368ebb71ae04745ecd7b0bc6ac6,False,
348,1693003365.mp4,12.309870374679091,2081,3840,2160,3840x2160,169.05133333333333,101.73838710784912,b511f2b3fe5a116baada6dd0e87b7ec8,True,14.68
349,1692823651.mp4,12.364981878187768,4948,3840,2160,3840x2160,400.1623333333334,229.34425830841064,0704450d8fb8f00c953636033724a0cd,False,
350,1692997157.mp4,12.315734115284705,2576,3840,2160,3840x2160,209.16333333333333,124.81729698181152,47002f36d4b6d2c812cdf14d54d4bafd,False,
351,1693086105.mp4,12.349248031351744,4941,3840,2160,3840x2160,400.10533333333336,190.74507904052734,3986ff8657628322d3ddb5e06d48c4b1,True,10.12
352,1692787289.mp4,12.269115768900411,4909,3840,2160,3840x2160,400.11033333333336,274.38534450531006,bb8d8a9b0db2e7787631ab64ff14bc45,True,28.46
353,1696769335.mp4,17.48679699492166,4310,3840,2160,3840x2160,246.47166666666666,257.0132484436035,ddb3548089d1ba00643eccdafee77e7a,True,80.91
354,1692839553.mp4,12.415985498022307,4968,3840,2160,3840x2160,400.1293333333333,227.69207096099854,117ee13e8a2f53e21fb3bac49fb886c4,True,23.56
355,1693089295.mp4,12.260428410372041,261,3840,2160,3840x2160,21.288,11.377659797668457,bb5f889259728ec267c0090cf6870bb0,False,
356,1691587959.mp4,15.0,1269,1920,1080,1920x1080,84.6,143.34044933319092,25d1720a5a8a102e78732f0c7813087c,True,82.58
357,1696416413.mp4,17.75943853430234,4489,3840,2160,3840x2160,252.76700000000002,298.2235460281372,5efd34b969176d3b1d918c4da666eb15,True,11.09
358,1698712083.mp4,15.068508373245619,3616,3072,1728,3072x1728,239.97066666666666,355.72259044647217,ca99ecc1d5c221b20eebeade76ec4991,True,12.83
359,1693981943.mp4,22.82293621794516,2740,3840,2160,3840x2160,120.05466666666666,159.06969547271729,83c1cd28f5e78dcb2ef45a43deeef819,True,84.6
360,1692837789.mp4,12.445177493721182,4980,3840,2160,3840x2160,400.15500000000003,226.55328273773193,936a5d1962280d861b3ef96cfbad0dbd,False,
361,1692819326.mp4,12.41174191774659,4966,3840,2160,3840x2160,400.105,232.0076389312744,81831a59de7635d6dbcdd64077dddef6,True,12.24
362,1692945482.mp4,12.28992016633125,4918,3840,2160,3840x2160,400.16533333333336,285.8247890472412,b7a46cac6f47033cf8c6b04b00e39e38,True,59.93
363,1693187905.mp4,12.36434709149167,4947,3840,2160,3840x2160,400.102,182.51988792419434,aaf0fd59a48887cfc36d9206b2160cc1,False,
364,1698494654.mp4,15.076719509402276,1580,3072,1728,3072x1728,104.79733333333333,221.46965408325195,e4e58a293bd0e40ecfc0a8c7070116cb,True,33.42
365,1696354241.mp4,14.288491446345256,196,3840,2160,3840x2160,13.717333333333334,14.20366382598877,b616f2a6ac65da718e890ff0079ebc59,True,54.27
366,1692992846.mp4,12.291006483605361,309,3840,2160,3840x2160,25.140333333333334,15.054484367370605,8466864bbf116e4e45dcbba38fecbc2f,True,14.48
367,1693080574.mp4,12.174707046111703,560,3840,2160,3840x2160,45.997,20.500215530395508,ada1bb864e7a204f6d09ce8cb944f18c,False,
368,1694185814.mp4,30.0,1577,3840,2160,3840x2160,52.56666666666667,112.967698097229,bf4d0e3f10fa7505d672030502bee2bf,True,70.17
369,1693021129.mp4,12.494273457998418,300,3840,2160,3840x2160,24.011,15.24422836303711,31aaa46b46ddac0244d3b468a6aa3911,False,
370,1696028697.mp4,19.491198589570534,4717,3840,2160,3840x2160,242.0066666666667,213.79886150360107,7b55d059571c8b7c579e2213fe0c691d,True,54.28
371,1692846244.mp4,12.44282250606144,4978,3840,2160,3840x2160,400.07,230.82387924194336,dca0f8e560b01f40c9cc291d0337ef0d,False,
372,1692981008.mp4,12.245611989037261,4900,3840,2160,3840x2160,400.1433333333334,274.0060291290283,293fe30d597bbe9d6587ff0234ed1fc9,True,84.89
373,1692933003.mp4,12.473659647286766,882,3840,2160,3840x2160,70.709,41.34907913208008,f91a05bf8a86079b3def21d703384baf,False,
374,1692992881.mp4,12.290559352062768,2428,3840,2160,3840x2160,197.55,111.3519811630249,aa52e10ea26ee3057343d54ad8d75b2e,False,
375,1693020072.mp4,12.373313194502567,2119,3840,2160,3840x2160,171.25566666666666,97.18123817443848,0e90f6b55b19f22f1bb536c595dd4232,False,
376,1693309263.mp4,15.0,1029,3840,2160,3840x2160,68.6,120.89836120605469,74b220027c010efeab8f63cfcd182c41,True,82.17
377,1696770871.mp4,12.781188924630571,1539,3840,2160,3840x2160,120.41133333333333,109.849928855896,974d5b8043e11c7bb667dc3461b3339c,True,62.57
378,1692995793.mp4,12.281315605318404,4914,3840,2160,3840x2160,400.12,224.86740589141846,68825b8369d7288f6aadb9d51de1586c,False,
379,1693022175.mp4,12.340525515917454,4937,3840,2160,3840x2160,400.06399999999996,244.2421054840088,f6166f85ffb35c6a48301fc9ae3ef149,True,19.27
380,1693020945.mp4,12.309258030647541,637,3840,2160,3840x2160,51.74966666666666,27.89600658416748,6a6bdc8bea44480beec7427dafba18c9,False,
381,1696874107.mp4,19.424340505924683,4661,3840,2160,3840x2160,239.95666666666665,227.54476833343506,e2ab1bcdfebc53d79464fee47d2515b2,True,10.74
382,1693805101.mp4,12.608536855210435,3153,3840,2160,3840x2160,250.06866666666667,189.5296049118042,9af6b12ad3c4173e53cbfaf21202e6c8,True,69.9
383,1696004907.mp4,18.915196276330477,531,3840,2160,3840x2160,28.072666666666667,37.86052322387695,0b96b72c54645abab5d2ec1622c222d0,True,14.87
384,1693981761.mp4,22.909669730734294,2749,3840,2160,3840x2160,119.993,175.02252864837646,bf9aee05f8a721d0c4019cbf71a04e7d,True,73.33
385,1692994053.mp4,12.335281754728816,4936,3840,2160,3840x2160,400.15299999999996,239.04829597473145,fd6d30a18125c723c8a11b75491ab45b,False,
386,1693092717.mp4,12.298337396258457,449,3840,2160,3840x2160,36.509,18.547640800476074,68a36d6e052345a7f091cca8e1b37270,False,
387,1696404057.mp4,17.69053677450624,292,3840,2160,3840x2160,16.506,21.13984775543213,b08f457d2cb3e71771a17025fa1317ee,True,44.95
389,1696503082.mp4,20.22599230954031,4855,3840,2160,3840x2160,240.03766666666664,301.0882806777954,9f7bed6ccd92852c064e601ffdf565a1,True,43.1
390,1693100757.mp4,12.394515326380432,1951,3840,2160,3840x2160,157.40833333333333,77.49844169616699,acf132903f379147b2429f6b716583bc,False,
391,1693820172.mp4,60.0,385,3840,2160,3840x2160,6.416666666666667,12.307929039001465,59a08886c889d848fcfb0f322cb94161,True,67.22
392,1696539475.mp4,19.333977799259976,4640,3840,2160,3840x2160,239.992,322.4779920578003,a01228fec55eb862f9052ebd7b31131e,True,46.07
393,1696442485.mp4,19.658704777827612,4719,3840,2160,3840x2160,240.04633333333337,217.6327657699585,0de6c4f6b9dff6aca6b1517c2de49b64,True,11.48
394,1698662075.mp4,15.073081607795372,462,3072,1728,3072x1728,30.650666666666666,65.55384063720703,f500e04ab0462e6cdb7a1a147f3972dd,True,26.8
395,1693308657.mp4,15.0,466,3840,2160,3840x2160,31.066666666666666,57.7263765335083,319e47097ea53a8a5c2abbda2ad811e8,True,20.02
396,1692991322.mp4,12.198067960664352,1498,3840,2160,3840x2160,122.80633333333334,74.72254276275635,2dc90ab82f2da62fc252faebef9cc39d,True,10.99
397,1696452804.mp4,19.4,4656,3840,2160,3840x2160,240.00000000000003,246.4696912765503,dbd65bf0e55e045a0a258e65839c21df,True,16.28
398,1692849532.mp4,12.37794475298559,1364,3840,2160,3840x2160,110.196,68.05685997009277,1897b58df40b8c04d8febe16508a4f7e,True,11.45
399,1694681351.mp4,30.0,839,3840,2160,3840x2160,27.966666666666665,60.18545341491699,e1746ad8f08cc53771e601532fa3d9c5,True,70.17
400,1693082277.mp4,12.377018385211468,4107,3840,2160,3840x2160,331.82466666666664,171.01027965545654,64f023b542c805cb62e59ba87187116c,False,
401,1696429733.mp4,20.21298902560784,4852,3840,2160,3840x2160,240.04366666666667,301.3778295516968,447cee17d0a3222af5921620f42189cb,True,72.34
402,1692833790.mp4,12.422049763181244,4970,3840,2160,3840x2160,400.095,297.3331890106201,1dd56df963da21fe86ca0f2419e6dde9,True,11.21
403,1693101159.mp4,12.373890948473361,4951,3840,2160,3840x2160,400.1166666666667,193.88836765289307,d748f135c9f87982923c9b5f9d07faa5,True,10.45
404,1692897561.mp4,12.300582040950292,4922,3840,2160,3840x2160,400.14366666666666,285.5616111755371,d8d77c1fcc6137e093f728b43ff41ed6,True,48.25
405,1696503951.mp4,20.007638623658902,4802,3840,2160,3840x2160,240.00833333333333,303.5771427154541,53d90e1f1611f12430fa96f2af12ee43,True,26.87
406,1692984997.mp4,12.226026541374054,4892,3840,2160,3840x2160,400.13,264.8917284011841,7f905434cdcffa6e5900de4076687699,True,90.94
407,1693081945.mp4,12.214166201896264,365,3840,2160,3840x2160,29.883333333333333,15.855993270874023,2e5a2c1c08bb22727664e5ec5952a59c,False,
408,1692992680.mp4,12.156281533804238,257,3840,2160,3840x2160,21.141333333333332,12.841691970825195,365158d0592932fee0ec7395b31dd376,False,
409,1693310827.mp4,15.0,140,3840,2160,3840x2160,9.333333333333334,17.218820571899414,92c2fc4a04717f55b7012176e8918999,True,71.57
410,1698656115.mp4,15.071009418610386,815,3072,1728,3072x1728,54.07733333333333,115.86516761779785,990d4e4b0b1429929e4fe68b2506d394,True,89.54
411,1693107222.mp4,12.425858047317561,4972,3840,2160,3840x2160,400.1333333333333,203.1339807510376,1a699e3e915fc82fe93df4d409ec1558,False,
412,1696374314.mp4,19.684208187030535,4724,3840,2160,3840x2160,239.98933333333332,247.5400390625,09d62dfb4d85003631de8706df097087,True,11.17
413,1693005883.mp4,12.275213144508394,2570,3840,2160,3840x2160,209.365,114.08702850341797,8b5a88070cdb96c96ddc2bf4392116a9,False,
414,1696518220.mp4,20.27969988710356,4868,3840,2160,3840x2160,240.043,297.3006935119629,2552d5b8b21602436dabe98278526eae,True,80.54
415,1693007062.mp4,12.290358964299726,2005,3840,2160,3840x2160,163.136,94.02162170410156,63c2c718bb3df6c60e10b2385075ea5e,False,
416,1693080691.mp4,12.381409391276529,4954,3840,2160,3840x2160,400.11600000000004,202.18675231933594,5457555eafeabc43720a2795c824e2af,True,12.47
417,1693192841.mp4,12.292016124357405,4453,3840,2160,3840x2160,362.2676666666666,176.20460987091064,30291052c1c9c705bc0d17e55175bac7,False,
419,1693094382.mp4,12.38630475241553,4956,3840,2160,3840x2160,400.1193333333333,193.3041000366211,4ba02fabafd097ce36e4dc8654eaaebb,True,14.38
420,1693194741.mp4,12.135479026726465,598,3840,2160,3840x2160,49.277,21.469063758850098,bac3ef90e478b6dce06b31b9abe3f360,False,
421,1696539725.mp4,17.733411463468144,4257,3840,2160,3840x2160,240.05533333333335,223.5900583267212,2391935bbec1c69856b11f9a7daee9dd,True,26.49
422,1693811855.mp4,12.952839507160252,3239,3840,2160,3840x2160,250.061,185.15760326385498,45e762aff569946e57713e054caa1880,True,42.21
